固相見かけ流速,気相見かけ流速,液相見かけ流速,固相体積率,気相体積率,液相体積率,ガラス球直径,NAME,FullPath,mean,var
0.0,31.92275526,6.059600508,0.0,0.749158165,0.250841835,-,P20240726-1022,/home/smatsubara/documents/airlift/data/experiments/processed/solid_liquid/P20240726-1022_processed.npz,,
0.0,32.68563555,6.101101262,0.0,0.745521474,0.254478526,-,P20240726-1055,/home/smatsubara/documents/airlift/data/experiments/processed/solid_liquid/P20240726-1055_processed.npz,,
0.0,32.04813139,4.543444783,0.0,0.7546132,0.2453868,-,P20240726-1113,/home/smatsubara/documents/airlift/data/experiments/processed/solid_liquid/P20240726-1113_processed.npz,,
0.0,31.96898155,4.555285874,0.0,0.742793957,0.257206043,-,P20240726-1122,/home/smatsubara/documents/airlift/data/experiments/processed/solid_liquid/P20240726-1122_processed.npz,,
0.0,32.88197597,3.11906641,0.0,0.747339819,0.252660181,-,P20240726-1334,/home/smatsubara/documents/airlift/data/experiments/processed/solid_liquid/P20240726-1334_processed.npz,,
0.0,18.49226414,1.861121628,0.0,0.745521474,0.254478526,-,P20240726-1400,/home/smatsubara/documents/airlift/data/experiments/processed/solid_liquid/P20240726-1400_processed.npz,,
0.0,0.0,5.982471686,0.0,0.0,1.0,-,P20240726-1600,/home/smatsubara/documents/airlift/data/experiments/processed/solid_liquid/P20240726-1600_processed.npz,0.039046961814165115,0.000048885398427955806
0.0,0.0,5.982471686,0.0,0.0,1.0,-,P20240726-1601,/home/smatsubara/documents/airlift/data/experiments/processed/solid_liquid/P20240726-1601_processed.npz,,
0.0,0.0,4.546059294,0.0,0.0,1.0,-,P20240726-1606,/home/smatsubara/documents/airlift/data/experiments/processed/solid_liquid/P20240726-1606_processed.npz,,
0.0,0.0,4.546059294,0.0,0.0,1.0,-,P20240726-1607,/home/smatsubara/documents/airlift/data/experiments/processed/solid_liquid/P20240726-1607_processed.npz,,
0.0,0.0,3.027802132,0.0,0.0,1.0,-,P20240726-1614,/home/smatsubara/documents/airlift/data/experiments/processed/solid_liquid/P20240726-1614_processed.npz,,
0.0,0.0,3.027802132,0.0,0.0,1.0,-,P20240726-1615,/home/smatsubara/documents/airlift/data/experiments/processed/solid_liquid/P20240726-1615_processed.npz,,
0.0,50.09079695,3.104565024,0.0,0.846439625,0.153560375,-,P20240729-1437,/home/smatsubara/documents/airlift/data/experiments/processed/solid_liquid/P20240729-1437_processed.npz,,
0.0,63.30147324,4.46049665,0.0,0.877351491,0.122648509,-,P20240729-1605,/home/smatsubara/documents/airlift/data/experiments/processed/solid_liquid/P20240729-1605_processed.npz,,
0.0,28.83335524,4.546734212,0.0,0.733702232,0.266297768,-,P20240729-1351,/home/smatsubara/documents/airlift/data/experiments/processed/solid_liquid/P20240729-1351_processed.npz,,
0.0,50.31843827,3.090860017,0.0,0.84462128,0.15537872,-,P20240729-1423,/home/smatsubara/documents/airlift/data/experiments/processed/solid_liquid/P20240729-1423_processed.npz,,
0.0,61.17138097,4.422921576,0.0,0.857349696,0.142650304,-,P20240730-1018,/home/smatsubara/documents/airlift/data/experiments/processed/solid_liquid/P20240730-1018_processed.npz,,
0.0,61.28509808,4.551800018,0.0,0.890989079,0.109010921,-,P20240730-1052,/home/smatsubara/documents/airlift/data/experiments/processed/solid_liquid/P20240730-1052_processed.npz,,
0.0,61.35972273,4.493181706,0.0,0.900080804,0.099919196,-,P20240730-1100,/home/smatsubara/documents/airlift/data/experiments/processed/solid_liquid/P20240730-1100_processed.npz,,
0.0,60.50894544,4.456634311,0.0,0.831892865,0.168107135,-,P20240730-1606,/home/smatsubara/documents/airlift/data/experiments/processed/solid_liquid/P20240730-1606_processed.npz,,
0.0,60.03413858,4.471945601,0.0,0.840075418,0.159924582,-,P20240730-1616,/home/smatsubara/documents/airlift/data/experiments/processed/solid_liquid/P20240730-1616_processed.npz,,
0.0,58.44393722,4.507448947,0.0,0.823710312,0.176289688,-,P20240731-1028,/home/smatsubara/documents/airlift/data/experiments/processed/solid_liquid/P20240731-1028_processed.npz,,
0.0,58.38199411,4.505957957,0.0,0.820982794,0.179017206,-,P20240731-1036,/home/smatsubara/documents/airlift/data/experiments/processed/solid_liquid/P20240731-1036_processed.npz,,
0.344051535,60.49473393,3.041272648,0.013656376,0.843622325,0.1427213,0.005,P20240805-1113,/home/smatsubara/documents/airlift/data/experiments/processed/solid_liquid/P20240805-1113_processed.npz,,
0.357813597,60.40238407,2.947188776,0.013301487,0.861805775,0.124892737,0.005,P20240805-1128,/home/smatsubara/documents/airlift/data/experiments/processed/solid_liquid/P20240805-1128_processed.npz,,
0.311523027,61.2249581,3.016118324,0.007350283,0.813619631,0.179030086,0.005,P20240805-1424,/home/smatsubara/documents/airlift/data/experiments/processed/solid_liquid/P20240805-1424_processed.npz,,
0.292756579,60.12603555,3.135591862,0.004852415,0.900900194,0.09424739,0.005,P20240805-1013,/home/smatsubara/documents/airlift/data/experiments/processed/solid_liquid/P20240805-1013_processed.npz,,
0.337796053,60.24480133,2.944110035,0.008865383,0.846349842,0.144784774,0.005,P20240805-1030,/home/smatsubara/documents/airlift/data/experiments/processed/solid_liquid/P20240805-1030_processed.npz,,
0.281496711,61.69372346,3.050075063,0.006736053,0.827257219,0.166006727,0.005,P20240806-1430,/home/smatsubara/documents/airlift/data/experiments/processed/solid_liquid/P20240806-1430_processed.npz,,
0.420368422,47.56428421,4.025043716,0.018713534,0.727248241,0.254038225,0.005,P20240806-1543,/home/smatsubara/documents/airlift/data/experiments/processed/solid_liquid/P20240806-1543_processed.npz,,
0.441637062,46.17477436,4.282110008,0.015499065,0.789981146,0.194519789,0.005,P20240806-1601,/home/smatsubara/documents/airlift/data/experiments/processed/solid_liquid/P20240806-1601_processed.npz,,
0.250219299,62.01406629,3.137783467,0.005869307,0.860896603,0.13323409,0.005,P20240806-1443,/home/smatsubara/documents/airlift/data/experiments/processed/solid_liquid/P20240806-1443_processed.npz,,
0.517953948,48.28189494,4.505081565,0.008701589,0.818165494,0.173132917,0.005,P20240808-1459,/home/smatsubara/documents/airlift/data/experiments/processed/solid_liquid/P20240808-1459_processed.npz,,
0.377831141,47.99816076,4.611603408,0.009049652,0.881807571,0.109142777,0.005,P20240808-1437,/home/smatsubara/documents/airlift/data/experiments/processed/solid_liquid/P20240808-1437_processed.npz,,
0.297760965,46.46118381,6.208216426,0.006756528,0.770888522,0.22235495,0.005,P20240820-1054,/home/smatsubara/documents/airlift/data/experiments/processed/solid_liquid/P20240820-1054_processed.npz,,
0.211435307,46.74898159,6.148296462,0.006019452,0.774525213,0.219455335,0.005,P20240820-1122,/home/smatsubara/documents/airlift/data/experiments/processed/solid_liquid/P20240820-1122_processed.npz,,
0.201426535,46.70783464,6.182926442,0.006852074,0.770888522,0.222259403,0.005,P20240820-1110,/home/smatsubara/documents/airlift/data/experiments/processed/solid_liquid/P20240820-1110_processed.npz,,
0.233955044,54.16802293,6.004174426,0.003173521,0.818165494,0.178660985,0.005,P20240820-1425,/home/smatsubara/documents/airlift/data/experiments/processed/solid_liquid/P20240820-1425_processed.npz,,
0.0,57.02654538,5.951812986,0.0,0.782797548,0.217202452,-,P20240820-1444,/home/smatsubara/documents/airlift/data/experiments/processed/solid_liquid/P20240820-1444_processed.npz,,
0.212686404,54.06417263,6.025979138,0.003664904,0.831803082,0.164532014,0.005,P20240820-1435,/home/smatsubara/documents/airlift/data/experiments/processed/solid_liquid/P20240820-1435_processed.npz,,
0.0,56.58224688,5.958816011,0.0,0.746430647,0.253569353,-,P20240820-1532,/home/smatsubara/documents/airlift/data/experiments/processed/solid_liquid/P20240820-1532_processed.npz,,
0.0,57.34696605,5.931821626,0.0,0.740975612,0.259024388,-,P20240820-1539,/home/smatsubara/documents/airlift/data/experiments/processed/solid_liquid/P20240820-1539_processed.npz,,
0.0,57.02613084,5.932763191,0.0,0.763704925,0.236295075,-,P20240820-1545,/home/smatsubara/documents/airlift/data/experiments/processed/solid_liquid/P20240820-1545_processed.npz,,
0.0,63.53698398,5.270805055,0.0,0.795525964,0.204474036,-,P20240820-1611,/home/smatsubara/documents/airlift/data/experiments/processed/solid_liquid/P20240820-1611_processed.npz,,
0.0,63.74142509,5.263217021,0.0,0.790980101,0.209019899,-,P20240820-1617,/home/smatsubara/documents/airlift/data/experiments/processed/solid_liquid/P20240820-1617_processed.npz,,
0.0,63.71816477,5.265870912,0.0,0.804617689,0.195382311,-,P20240820-1622,/home/smatsubara/documents/airlift/data/experiments/processed/solid_liquid/P20240820-1622_processed.npz,,
0.222695176,46.96133683,6.235992628,0.007275211,0.739067484,0.253657305,0.005,P20240820-1133,/home/smatsubara/documents/airlift/data/experiments/processed/solid_liquid/P20240820-1133_processed.npz,,
0.215188597,54.13475664,6.038632837,0.008892682,0.801800389,0.189306929,0.005,P20240820-1414,/home/smatsubara/documents/airlift/data/experiments/processed/solid_liquid/P20240820-1414_processed.npz,,
0.130114035,61.02480793,4.71876807,0.00410169,0.839985635,0.155912675,0.005,P20240821-1002,/home/smatsubara/documents/airlift/data/experiments/processed/solid_liquid/P20240821-1002_processed.npz,,
0.158889255,63.38901148,4.48969157,0.002825457,0.85998743,0.137187113,0.005,P20240821-1018,/home/smatsubara/documents/airlift/data/experiments/processed/solid_liquid/P20240821-1018_processed.npz,,
0.162642544,63.56923071,4.430135422,0.003460161,0.839985635,0.156554204,0.005,P20240821-1029,/home/smatsubara/documents/airlift/data/experiments/processed/solid_liquid/P20240821-1029_processed.npz,,
0.166395834,63.41248649,4.477083707,0.004149463,0.833621427,0.16222911,0.005,P20240821-1039,/home/smatsubara/documents/airlift/data/experiments/processed/solid_liquid/P20240821-1039_processed.npz,,
0.0,62.44940716,4.507136515,0.0,0.880079009,0.119920991,-,P20240821-1605,/home/smatsubara/documents/airlift/data/experiments/processed/solid_liquid/P20240821-1605_processed.npz,,
0.0,64.17204347,4.503330399,0.0,0.866441421,0.133558579,-,P20240821-1616,/home/smatsubara/documents/airlift/data/experiments/processed/solid_liquid/P20240821-1616_processed.npz,,
0.0,63.24243097,4.504155959,0.0,0.875533146,0.124466854,-,P20240821-1626,/home/smatsubara/documents/airlift/data/experiments/processed/solid_liquid/P20240821-1626_processed.npz,,
0.201426535,63.60025763,3.216748835,0.004251835,0.901809367,0.093938798,0.005,P20240822-1621,/home/smatsubara/documents/airlift/data/experiments/processed/solid_liquid/P20240822-1621_processed.npz,,
0.223946272,44.62360318,5.988847971,0.0053165,0.821802184,0.172881316,0.005,P20240822-1354,/home/smatsubara/documents/airlift/data/experiments/processed/solid_liquid/P20240822-1354_processed.npz,,
0.19266886,63.09260404,3.282588983,0.003876472,0.901809367,0.094314161,0.005,P20240822-1609,/home/smatsubara/documents/airlift/data/experiments/processed/solid_liquid/P20240822-1609_processed.npz,,
0.210184211,44.51753647,6.004416358,0.008558268,0.8345306,0.156911132,0.005,P20240822-1415,/home/smatsubara/documents/airlift/data/experiments/processed/solid_liquid/P20240822-1415_processed.npz,,
0.226448465,44.87962623,5.932403687,0.007650573,0.829984737,0.16236469,0.005,P20240822-1405,/home/smatsubara/documents/airlift/data/experiments/processed/solid_liquid/P20240822-1405_processed.npz,,
0.218941886,62.94352905,3.248107184,0.005862482,0.916356127,0.077781391,0.005,P20240822-1543,/home/smatsubara/documents/airlift/data/experiments/processed/solid_liquid/P20240822-1543_processed.npz,,
0.196422149,63.46147125,3.26378705,0.006394815,0.877261708,0.116343477,0.005,P20240822-1554,/home/smatsubara/documents/airlift/data/experiments/processed/solid_liquid/P20240822-1554_processed.npz,,
0.166395834,58.29983463,4.414934942,0.002422795,0.916356127,0.081221077,0.005,P20240822-1044,/home/smatsubara/documents/airlift/data/experiments/processed/solid_liquid/P20240822-1044_processed.npz,,
0.161391448,59.38355589,4.446014767,0.002982427,0.905446057,0.091571516,0.005,P20240822-1113,/home/smatsubara/documents/airlift/data/experiments/processed/solid_liquid/P20240822-1113_processed.npz,,
0.19266886,62.46679963,3.30772191,0.004504352,0.909082747,0.086412901,0.005,P20240822-1528,/home/smatsubara/documents/airlift/data/experiments/processed/solid_liquid/P20240822-1528_processed.npz,,
0.152633772,59.10393321,4.433421829,0.00288688,0.893626814,0.103486306,0.005,P20240822-1124,/home/smatsubara/documents/airlift/data/experiments/processed/solid_liquid/P20240822-1124_processed.npz,,
0.202677632,63.29472667,3.270080201,0.003992494,0.911810265,0.084197242,0.005,P20240822-1443,/home/smatsubara/documents/airlift/data/experiments/processed/solid_liquid/P20240822-1443_processed.npz,,
0.151382676,59.8228922,4.414699286,0.004210886,0.890899296,0.104889817,0.005,P20240822-1100,/home/smatsubara/documents/airlift/data/experiments/processed/solid_liquid/P20240822-1100_processed.npz,,
0.177655702,59.98932485,4.578339387,0.003378264,0.866351638,0.130270098,0.0025,P20240826-1350,/home/smatsubara/documents/airlift/data/experiments/processed/solid_liquid/P20240826-1350_processed.npz,,
0.253972588,65.87572281,3.176599116,0.011431499,0.889080951,0.09948755,0.0025,P20240826-1026,/home/smatsubara/documents/airlift/data/experiments/processed/solid_liquid/P20240826-1026_processed.npz,,
0.349055921,64.24489052,2.931876349,0.006442588,0.893626814,0.099930598,0.0025,P20240826-1044,/home/smatsubara/documents/airlift/data/experiments/processed/solid_liquid/P20240826-1044_processed.npz,,
0.357813597,64.20130201,2.91619264,0.0076028,0.870897501,0.121499699,0.0025,P20240826-1055,/home/smatsubara/documents/airlift/data/experiments/processed/solid_liquid/P20240826-1055_processed.npz,,
0.31402522,64.11447965,3.013397049,0.010598876,0.887262606,0.102138518,0.0025,P20240826-1106,/home/smatsubara/documents/airlift/data/experiments/processed/solid_liquid/P20240826-1106_processed.npz,,
0.140122807,60.40170834,4.66296503,0.003221294,0.861805775,0.134972931,0.0025,P20240826-1328,/home/smatsubara/documents/airlift/data/experiments/processed/solid_liquid/P20240826-1328_processed.npz,,
0.168898027,60.3113686,4.609687497,0.005937555,0.868169983,0.125892462,0.0025,P20240826-1339,/home/smatsubara/documents/airlift/data/experiments/processed/solid_liquid/P20240826-1339_processed.npz,,
0.166395834,59.83490876,4.628498974,0.004852415,0.863624121,0.131523464,0.0025,P20240826-1400,/home/smatsubara/documents/airlift/data/experiments/processed/solid_liquid/P20240826-1400_processed.npz,,
0.232703948,45.11631864,6.20585731,0.008838084,0.782707765,0.20845415,0.0025,P20240826-1414,/home/smatsubara/documents/airlift/data/experiments/processed/solid_liquid/P20240826-1414_processed.npz,,
0.207682018,45.64116684,6.18069534,0.00165842,0.802709561,0.195632019,0.0025,P20240826-1446,/home/smatsubara/documents/airlift/data/experiments/processed/solid_liquid/P20240826-1446_processed.npz,,
0.218941886,45.56537539,6.187074243,0.003453336,0.804527906,0.192018758,0.0025,P20240826-1424,/home/smatsubara/documents/airlift/data/experiments/processed/solid_liquid/P20240826-1424_processed.npz,,
0.11760307,62.64153085,3.454829781,0.001965535,0.809073769,0.188960696,0.0025,P20240827-1620,/home/smatsubara/documents/airlift/data/experiments/processed/solid_liquid/P20240827-1620_processed.npz,,
0.118854167,62.72906856,3.620972632,0.002484218,0.819983839,0.177531943,0.0025,P20240827-1610,/home/smatsubara/documents/airlift/data/experiments/processed/solid_liquid/P20240827-1610_processed.npz,,
0.19266886,45.74578003,6.157853015,0.00577376,0.75906928,0.23515696,0.0025,P20240827-1000,/home/smatsubara/documents/airlift/data/experiments/processed/solid_liquid/P20240827-1000_processed.npz,,
0.235206141,62.45389323,3.338860725,0.004927488,0.83816729,0.156905222,0.0025,P20240827-1014,/home/smatsubara/documents/airlift/data/experiments/processed/solid_liquid/P20240827-1014_processed.npz,,
0.245214913,62.47092526,3.241635534,0.009500087,0.867260811,0.123239102,0.0025,P20240827-1027,/home/smatsubara/documents/airlift/data/experiments/processed/solid_liquid/P20240827-1027_processed.npz,,
0.232703948,62.82875467,3.229114375,0.006927147,0.85998743,0.133085423,0.0025,P20240827-1037,/home/smatsubara/documents/airlift/data/experiments/processed/solid_liquid/P20240827-1037_processed.npz,,
0.369073465,62.46191488,2.818428477,0.01199113,0.877261708,0.110747161,0.0025,P20240827-1050,/home/smatsubara/documents/airlift/data/experiments/processed/solid_liquid/P20240827-1050_processed.npz,,
0.341549342,62.45966897,2.981460519,0.017293981,0.871806673,0.110899346,0.0025,P20240827-1101,/home/smatsubara/documents/airlift/data/experiments/processed/solid_liquid/P20240827-1101_processed.npz,,
0.384086623,63.44981357,2.824685868,0.014802938,0.867260811,0.117936252,0.0025,P20240827-1114,/home/smatsubara/documents/airlift/data/experiments/processed/solid_liquid/P20240827-1114_processed.npz,,
0.0,0.989529664,4.483974578,0.0,0.176379471,0.823620529,-,P20240827-1552,/home/smatsubara/documents/airlift/data/experiments/processed/solid_liquid/P20240827-1552_processed.npz,,
0.0,1.038577229,4.474799476,0.0,0.193653749,0.806346251,-,P20240827-1541,/home/smatsubara/documents/airlift/data/experiments/processed/solid_liquid/P20240827-1541_processed.npz,,
0.0,0.882820843,4.524424879,0.0,0.15455933,0.84544067,-,P20240827-1529,/home/smatsubara/documents/airlift/data/experiments/processed/solid_liquid/P20240827-1529_processed.npz,,
0.359064693,62.91513722,3.000281449,0.022849348,0.85998743,0.117163222,0.0025,P20240827-1125,/home/smatsubara/documents/airlift/data/experiments/processed/solid_liquid/P20240827-1125_processed.npz,,
0.325285088,59.61318289,4.188778499,0.008414948,0.76997935,0.221605702,0.0025,P20240828-1040,/home/smatsubara/documents/airlift/data/experiments/processed/solid_liquid/P20240828-1040_processed.npz,,
0.120105263,62.01801995,3.17274912,0.003726327,0.816347149,0.179926524,0.0025,P20240828-1013,/home/smatsubara/documents/airlift/data/experiments/processed/solid_liquid/P20240828-1013_processed.npz,,
0.115100877,62.23464787,3.150801144,0.001849514,0.814528804,0.183621682,0.0025,P20240828-1024,/home/smatsubara/documents/airlift/data/experiments/processed/solid_liquid/P20240828-1024_processed.npz,,
0.386588816,57.95288417,4.270283117,0.012994372,0.771797695,0.215207933,0.0025,P20240828-1051,/home/smatsubara/documents/airlift/data/experiments/processed/solid_liquid/P20240828-1051_processed.npz,,
0.377831141,56.23741723,4.612155671,0.011472447,0.759978452,0.2285491,0.0025,P20240828-1104,/home/smatsubara/documents/airlift/data/experiments/processed/solid_liquid/P20240828-1104_processed.npz,,
0.365320176,56.80223472,4.536915723,0.007780244,0.755432589,0.236787167,0.0025,P20240828-1115,/home/smatsubara/documents/airlift/data/experiments/processed/solid_liquid/P20240828-1115_processed.npz,,
0.589266448,57.63732011,3.960052061,0.015840304,0.808164596,0.1759951,0.0025,P20240828-1329,/home/smatsubara/documents/airlift/data/experiments/processed/solid_liquid/P20240828-1329_processed.npz,,
0.499187501,47.29788398,5.486936281,0.016358987,0.681789615,0.301851399,0.0025,P20240828-1348,/home/smatsubara/documents/airlift/data/experiments/processed/solid_liquid/P20240828-1348_processed.npz,,
0.451645834,46.38630916,5.766056189,0.013779221,0.677243752,0.308977027,0.0025,P20240828-1401,/home/smatsubara/documents/airlift/data/experiments/processed/solid_liquid/P20240828-1401_processed.npz,,
0.499187501,45.71988054,5.850882905,0.015110053,0.727248241,0.257641706,0.0025,P20240828-1414,/home/smatsubara/documents/airlift/data/experiments/processed/solid_liquid/P20240828-1414_processed.npz,,
0.465407895,45.20977406,6.057837477,0.01170449,0.68360796,0.304687551,0.0025,P20240828-1427,/home/smatsubara/documents/airlift/data/experiments/processed/solid_liquid/P20240828-1427_processed.npz,,
0.157638158,45.34407771,4.561709634,0.004552125,0.778161903,0.217285972,0.0025,P20240828-1445,/home/smatsubara/documents/airlift/data/experiments/processed/solid_liquid/P20240828-1445_processed.npz,,
0.101338816,61.63290194,3.288795383,0.007363933,0.842713152,0.149922915,0.0025,P20240828-1000,/home/smatsubara/documents/airlift/data/experiments/processed/solid_liquid/P20240828-1000_processed.npz,,
0.101338816,46.35140495,3.256325718,0.002770859,0.877261708,0.119967433,0.0025,P20240829-1557,/home/smatsubara/documents/airlift/data/experiments/processed/solid_liquid/P20240829-1557_processed.npz,,
0.105092105,46.27751322,3.268849414,0.004818291,0.815437976,0.179743732,0.0025,P20240829-1547,/home/smatsubara/documents/airlift/data/experiments/processed/solid_liquid/P20240829-1547_processed.npz,,
0.332791667,44.12982083,4.583744664,0.01487801,0.765433487,0.219688502,0.0025,P20240829-1525,/home/smatsubara/documents/airlift/data/experiments/processed/solid_liquid/P20240829-1525_processed.npz,,
0.376580044,43.44915488,4.530462368,0.008530969,0.815437976,0.176031054,0.0025,P20240829-1451,/home/smatsubara/documents/airlift/data/experiments/processed/solid_liquid/P20240829-1451_processed.npz,,
0.395346492,43.36289492,4.524297225,0.015901727,0.799982043,0.18411623,0.0025,P20240829-1440,/home/smatsubara/documents/airlift/data/experiments/processed/solid_liquid/P20240829-1440_processed.npz,,
0.180157895,43.55842631,4.536944993,0.004340557,0.802709561,0.192949882,0.0025,P20240829-1335,/home/smatsubara/documents/airlift/data/experiments/processed/solid_liquid/P20240829-1335_processed.npz,,
0.185162281,44.23601213,4.427380003,0.005541718,0.801800389,0.192657894,0.0025,P20240829-1323,/home/smatsubara/documents/airlift/data/experiments/processed/solid_liquid/P20240829-1323_processed.npz,,
0.183911184,44.22328555,4.505476011,0.009425015,0.812710459,0.177864526,0.0025,P20240829-1347,/home/smatsubara/documents/airlift/data/experiments/processed/solid_liquid/P20240829-1347_processed.npz,,
0.185162281,45.73755388,3.052283252,0.006244669,0.858169085,0.135586245,0.0025,P20240830-1006,/home/smatsubara/documents/airlift/data/experiments/processed/solid_liquid/P20240830-1006_processed.npz,,
0.266483553,45.60976635,2.895348721,0.006906673,0.854532395,0.138560932,0.0025,P20240830-1033,/home/smatsubara/documents/airlift/data/experiments/processed/solid_liquid/P20240830-1033_processed.npz,,
0.236457237,44.74937213,3.114901249,0.009977822,0.84907736,0.140944818,0.0025,P20240830-1043,/home/smatsubara/documents/airlift/data/experiments/processed/solid_liquid/P20240830-1043_processed.npz,,
0.220192983,45.58225119,3.121164836,0.00758915,0.860896603,0.131514247,0.0025,P20240830-1055,/home/smatsubara/documents/airlift/data/experiments/processed/solid_liquid/P20240830-1055_processed.npz,,
0.322782895,44.96181808,2.91092541,0.012796454,0.842713152,0.144490394,0.0025,P20240830-1108,/home/smatsubara/documents/airlift/data/experiments/processed/solid_liquid/P20240830-1108_processed.npz,,
0.390342106,44.53158575,2.882730868,0.017908211,0.84180398,0.14028781,0.0025,P20240830-1119,/home/smatsubara/documents/airlift/data/experiments/processed/solid_liquid/P20240830-1119_processed.npz,,
0.372826755,44.48815601,3.09915388,0.009677531,0.836348945,0.153973524,0.0025,P20240830-1537,/home/smatsubara/documents/airlift/data/experiments/processed/solid_liquid/P20240830-1537_processed.npz,,
0.411610746,43.95509866,3.020688724,0.0152056,0.859078258,0.125716143,0.0025,P20240830-1547,/home/smatsubara/documents/airlift/data/experiments/processed/solid_liquid/P20240830-1547_processed.npz,,
0.33904715,43.00755553,3.234033005,0.013185466,0.836348945,0.150465589,0.0025,P20240830-1558,/home/smatsubara/documents/airlift/data/experiments/processed/solid_liquid/P20240830-1558_processed.npz,,
2.841240135,31.58628438,5.928895733,0.023368031,0.754523417,0.222108552,0.0025,P20240902-1557,/home/smatsubara/documents/airlift/data/experiments/processed/solid_liquid/P20240902-1557_processed.npz,,
0.529213816,31.81745117,5.92557698,0.01670705,0.745431692,0.237861258,0.0025,P20240902-1620,/home/smatsubara/documents/airlift/data/experiments/processed/solid_liquid/P20240902-1620_processed.npz,,
0.466658992,31.50954071,5.781613879,0.00698857,0.775434385,0.217577045,0.0025,P20240902-1543,/home/smatsubara/documents/airlift/data/experiments/processed/solid_liquid/P20240902-1543_processed.npz,,
0.297760965,30.34297989,4.320841948,0.003023375,0.813619631,0.183356993,0.0025,P20240903-1606,/home/smatsubara/documents/airlift/data/experiments/processed/solid_liquid/P20240903-1606_processed.npz,,
0.195171053,31.00377827,6.256056,0.008769836,0.716338171,0.274891993,0.0025,P20240903-1120,/home/smatsubara/documents/airlift/data/experiments/processed/solid_liquid/P20240903-1120_processed.npz,,
0.21769079,31.05267688,6.243228392,0.010824094,0.753614244,0.235561662,0.0025,P20240903-1325,/home/smatsubara/documents/airlift/data/experiments/processed/solid_liquid/P20240903-1325_processed.npz,,
0.23895943,31.57630924,6.048762348,0.007937214,0.764524315,0.227538471,0.0025,P20240903-1334,/home/smatsubara/documents/airlift/data/experiments/processed/solid_liquid/P20240903-1334_processed.npz,,
0.246466009,31.4473944,6.036257149,0.00851732,0.76997935,0.22150333,0.0025,P20240903-1343,/home/smatsubara/documents/airlift/data/experiments/processed/solid_liquid/P20240903-1343_processed.npz,,
0.185162281,31.3369494,4.527709897,0.00408804,0.723611551,0.272300409,0.0025,P20240903-1415,/home/smatsubara/documents/airlift/data/experiments/processed/solid_liquid/P20240903-1415_processed.npz,,
0.19266886,31.34743801,4.50259891,0.010912816,0.798163698,0.190923486,0.0025,P20240903-1426,/home/smatsubara/documents/airlift/data/experiments/processed/solid_liquid/P20240903-1426_processed.npz,,
0.186413377,30.78567588,4.534004313,0.006456238,0.799072871,0.194470892,0.0025,P20240903-1435,/home/smatsubara/documents/airlift/data/experiments/processed/solid_liquid/P20240903-1435_processed.npz,,
0.487927632,31.12130808,6.03682998,0.011424674,0.75906928,0.229506046,0.0025,P20240903-1021,/home/smatsubara/documents/airlift/data/experiments/processed/solid_liquid/P20240903-1021_processed.npz,,
0.437883772,30.1140259,4.527835081,0.009595634,0.85998743,0.130416935,0.0025,P20240903-1616,/home/smatsubara/documents/airlift/data/experiments/processed/solid_liquid/P20240903-1616_processed.npz,,
0.364069079,30.88953422,4.574893061,0.008940456,0.829075564,0.16198398,0.0025,P20240903-1626,/home/smatsubara/documents/airlift/data/experiments/processed/solid_liquid/P20240903-1626_processed.npz,,
0.72063158,31.10975254,6.093231979,0.032165166,0.710883136,0.256951698,0.0025,P20240903-1108,/home/smatsubara/documents/airlift/data/experiments/processed/solid_liquid/P20240903-1108_processed.npz,,
0.758164475,30.73304044,6.002360814,0.026213962,0.755432589,0.218353448,0.0025,P20240903-1056,/home/smatsubara/documents/airlift/data/experiments/processed/solid_liquid/P20240903-1056_processed.npz,,
0.495434211,31.47875496,5.88329895,0.013594953,0.775434385,0.210970662,0.0025,P20240903-1010,/home/smatsubara/documents/airlift/data/experiments/processed/solid_liquid/P20240903-1010_processed.npz,,
0.352809211,31.29075583,4.593649294,0.011097085,0.849986533,0.138916383,0.0025,P20240904-1058,/home/smatsubara/documents/airlift/data/experiments/processed/solid_liquid/P20240904-1058_processed.npz,,
0.33904715,31.67834902,4.53726587,0.013622252,0.825438874,0.160938874,0.0025,P20240904-1049,/home/smatsubara/documents/airlift/data/experiments/processed/solid_liquid/P20240904-1049_processed.npz,,
0.550482457,31.82386931,4.458898789,0.017962809,0.826348047,0.155689144,0.0025,P20240904-1118,/home/smatsubara/documents/airlift/data/experiments/processed/solid_liquid/P20240904-1118_processed.npz,,
0.497936404,31.98502166,4.672126696,0.022289716,0.793617836,0.184092448,0.0025,P20240904-1108,/home/smatsubara/documents/airlift/data/experiments/processed/solid_liquid/P20240904-1108_processed.npz,,
0.547980264,31.83617688,4.449649188,0.022501284,0.864533293,0.112965423,0.0025,P20240905-1034,/home/smatsubara/documents/airlift/data/experiments/processed/solid_liquid/P20240905-1034_processed.npz,,
0.614288378,31.20632766,4.333664229,0.023627372,0.824529702,0.151842926,0.0025,P20240905-1046,/home/smatsubara/documents/airlift/data/experiments/processed/solid_liquid/P20240905-1046_processed.npz,,
0.201426535,16.65228957,6.186614734,0.013547179,0.667242854,0.319209967,0.0025,P20240905-1442,/home/smatsubara/documents/airlift/data/experiments/processed/solid_liquid/P20240905-1442_processed.npz,,
0.221444079,15.06972913,6.308842408,0.009111075,0.623602573,0.367286352,0.0025,P20240905-1452,/home/smatsubara/documents/airlift/data/experiments/processed/solid_liquid/P20240905-1452_processed.npz,,
0.247717106,15.37611851,5.998378783,0.007070467,0.618147537,0.374781995,0.0025,P20240905-1528,/home/smatsubara/documents/airlift/data/experiments/processed/solid_liquid/P20240905-1528_processed.npz,,
0.248968202,15.55551279,6.048654892,0.013997614,0.68360796,0.302394426,0.0025,P20240905-1538,/home/smatsubara/documents/airlift/data/experiments/processed/solid_liquid/P20240905-1538_processed.npz,,
0.222695176,15.64205531,6.042398527,0.016754824,0.648150231,0.335094945,0.0025,P20240905-1550,/home/smatsubara/documents/airlift/data/experiments/processed/solid_liquid/P20240905-1550_processed.npz,,
0.750657896,16.41822292,6.25601978,0.032615602,0.644513541,0.322870858,0.0025,P20240906-1526,/home/smatsubara/documents/airlift/data/experiments/processed/solid_liquid/P20240906-1526_processed.npz,,
0.729389255,16.52013737,6.243355894,0.024855832,0.647241058,0.32790311,0.0025,P20240906-1536,/home/smatsubara/documents/airlift/data/experiments/processed/solid_liquid/P20240906-1536_processed.npz,,
0.789441887,16.83063714,5.967465266,0.022153221,0.598145742,0.379701037,0.0025,P20240906-1515,/home/smatsubara/documents/airlift/data/experiments/processed/solid_liquid/P20240906-1515_processed.npz,,
0.494183115,15.87722317,6.101935358,0.025422288,0.644513541,0.330064171,0.0025,P20240906-1044,/home/smatsubara/documents/airlift/data/experiments/processed/solid_liquid/P20240906-1044_processed.npz,,
0.419117325,15.76194644,5.970474347,0.027578917,0.618147537,0.354273545,0.0025,P20240906-1001,/home/smatsubara/documents/airlift/data/experiments/processed/solid_liquid/P20240906-1001_processed.npz,,
0.43162829,15.8074952,6.083193135,0.01989422,0.67997127,0.30013451,0.0025,P20240906-1012,/home/smatsubara/documents/airlift/data/experiments/processed/solid_liquid/P20240906-1012_processed.npz,,
0.501689694,15.63328951,6.277674883,0.019621229,0.592690707,0.387688064,0.0025,P20240906-1023,/home/smatsubara/documents/airlift/data/experiments/processed/solid_liquid/P20240906-1023_processed.npz,,
0.529213816,16.04179211,6.051796236,0.035946092,0.648150231,0.315903677,0.0025,P20240906-1033,/home/smatsubara/documents/airlift/data/experiments/processed/solid_liquid/P20240906-1033_processed.npz,,
0.215188597,30.82409432,3.111734851,0.015901727,0.789981146,0.194117128,0.0025,P20240909-1340,/home/smatsubara/documents/airlift/data/experiments/processed/solid_liquid/P20240909-1340_processed.npz,,
0.218941886,29.50740959,3.246467719,0.008462721,0.769070177,0.222467101,0.0025,P20240909-1328,/home/smatsubara/documents/airlift/data/experiments/processed/solid_liquid/P20240909-1328_processed.npz,,
0.207682018,29.48822138,3.24961511,0.004831941,0.772706868,0.222461191,0.0025,P20240909-1116,/home/smatsubara/documents/airlift/data/experiments/processed/solid_liquid/P20240909-1116_processed.npz,,
0.177655702,30.18557057,3.359288008,0.011144858,0.789981146,0.198873996,0.0025,P20240909-1107,/home/smatsubara/documents/airlift/data/experiments/processed/solid_liquid/P20240909-1107_processed.npz,,
0.088827851,31.26783269,3.490874793,0.004108515,0.779980248,0.215911237,0.0025,P20240909-1003,/home/smatsubara/documents/airlift/data/experiments/processed/solid_liquid/P20240909-1003_processed.npz,,
0.090078947,30.73036943,3.544165651,0.005036684,0.804527906,0.19043541,0.0025,P20240909-1046,/home/smatsubara/documents/airlift/data/experiments/processed/solid_liquid/P20240909-1046_processed.npz,,
0.103841009,30.80199243,3.490876919,0.005186829,0.85635074,0.13846243,0.0025,P20240909-1035,/home/smatsubara/documents/airlift/data/experiments/processed/solid_liquid/P20240909-1035_processed.npz,,
0.113849781,30.45280451,3.509711807,0.002975602,0.765433487,0.231590911,0.0025,P20240909-1025,/home/smatsubara/documents/airlift/data/experiments/processed/solid_liquid/P20240909-1025_processed.npz,,
0.081321272,31.20621113,3.594258319,0.001733493,0.785435283,0.212831224,0.0025,P20240909-1057,/home/smatsubara/documents/airlift/data/experiments/processed/solid_liquid/P20240909-1057_processed.npz,,
0.105092105,30.60963251,3.503449588,0.004586249,0.787253628,0.208160123,0.0025,P20240909-1015,/home/smatsubara/documents/airlift/data/experiments/processed/solid_liquid/P20240909-1015_processed.npz,,
0.593019738,44.55068491,3.735838477,0.013779221,0.836348945,0.149871834,0.0025,P20240910-1016,/home/smatsubara/documents/airlift/data/experiments/processed/solid_liquid/P20240910-1016_processed.npz,,
0.564244518,44.64478908,4.334734645,0.02142297,0.808164596,0.170412434,0.0025,P20240910-1056,/home/smatsubara/documents/airlift/data/experiments/processed/solid_liquid/P20240910-1056_processed.npz,,
0.598024123,46.84440884,5.184102286,0.016543256,0.776343558,0.207113187,0.0025,P20240910-1318,/home/smatsubara/documents/airlift/data/experiments/processed/solid_liquid/P20240910-1318_processed.npz,,
0.514200658,47.01765858,4.798379492,0.018966051,0.794527008,0.186506941,0.0025,P20240910-1343,/home/smatsubara/documents/airlift/data/experiments/processed/solid_liquid/P20240910-1343_processed.npz,,
0.532967106,47.01034801,4.538206762,0.016126944,0.778161903,0.205711153,0.0025,P20240910-1426,/home/smatsubara/documents/airlift/data/experiments/processed/solid_liquid/P20240910-1426_processed.npz,,
0.551733553,47.04122186,4.509994376,0.015116877,0.799072871,0.185810252,0.0025,P20240910-1437,/home/smatsubara/documents/airlift/data/experiments/processed/solid_liquid/P20240910-1437_processed.npz,,
0.696860746,47.23644218,5.594796132,0.018583863,0.738158311,0.243257825,0.0025,P20240910-1449,/home/smatsubara/documents/airlift/data/experiments/processed/solid_liquid/P20240910-1449_processed.npz,,
0.619292764,15.81838461,4.372031239,0.026493778,0.630875953,0.342630269,0.0025,P20240911-1624,/home/smatsubara/documents/airlift/data/experiments/processed/solid_liquid/P20240911-1624_processed.npz,,
0.550482457,15.876071,4.591452376,0.044715928,0.653605266,0.301678806,0.0025,P20240911-1612,/home/smatsubara/documents/airlift/data/experiments/processed/solid_liquid/P20240911-1612_processed.npz,,
0.586764255,15.93903745,4.472309322,0.043835532,0.6226934,0.333471068,0.0025,P20240911-1602,/home/smatsubara/documents/airlift/data/experiments/processed/solid_liquid/P20240911-1602_processed.npz,,
0.731891448,48.22464398,5.322455114,0.038389362,0.735430794,0.226179845,0.0025,P20240911-1054,/home/smatsubara/documents/airlift/data/experiments/processed/solid_liquid/P20240911-1054_processed.npz,,
0.517953948,16.02566651,4.431563833,0.026159364,0.678152924,0.295687712,0.0025,P20240911-1408,/home/smatsubara/documents/airlift/data/experiments/processed/solid_liquid/P20240911-1408_processed.npz,,
0.511698465,16.47369549,4.331291846,0.026712171,0.657241956,0.316045873,0.0025,P20240911-1355,/home/smatsubara/documents/airlift/data/experiments/processed/solid_liquid/P20240911-1355_processed.npz,,
0.770675439,48.58492856,5.212700906,0.025893198,0.763615142,0.21049166,0.0025,P20240911-1123,/home/smatsubara/documents/airlift/data/experiments/processed/solid_liquid/P20240911-1123_processed.npz,,
0.67058772,47.98491999,5.513649925,0.02202355,0.749977554,0.227998896,0.0025,P20240911-1043,/home/smatsubara/documents/airlift/data/experiments/processed/solid_liquid/P20240911-1043_processed.npz,,
0.542975878,15.66269689,4.563146977,0.037311047,0.655423611,0.307265342,0.0025,P20240911-1420,/home/smatsubara/documents/airlift/data/experiments/processed/solid_liquid/P20240911-1420_processed.npz,,
0.128862939,14.96516734,5.134441027,0.008298927,0.623602573,0.3680985,0.0025,P20240917-1115,/home/smatsubara/documents/airlift/data/experiments/processed/solid_liquid/P20240917-1115_processed.npz,,
0.346553728,15.04114165,4.670487155,0.015499065,0.619965883,0.364535053,0.0025,P20240917-1055,/home/smatsubara/documents/airlift/data/experiments/processed/solid_liquid/P20240917-1055_processed.npz,,
0.346553728,15.29012656,4.673625464,0.018160727,0.675425407,0.306413866,0.0025,P20240917-1035,/home/smatsubara/documents/airlift/data/experiments/processed/solid_liquid/P20240917-1035_processed.npz,,
0.306518641,15.61734064,4.855490377,0.021443444,0.646331886,0.33222467,0.0025,P20240917-1025,/home/smatsubara/documents/airlift/data/experiments/processed/solid_liquid/P20240917-1025_processed.npz,,
0.322782895,15.81862511,4.874326863,0.026855491,0.632694298,0.340450211,0.0025,P20240917-1015,/home/smatsubara/documents/airlift/data/experiments/processed/solid_liquid/P20240917-1015_processed.npz,,
0.364069079,15.39201088,4.5294446,0.026316334,0.638149333,0.335534333,0.0025,P20240917-1044,/home/smatsubara/documents/airlift/data/experiments/processed/solid_liquid/P20240917-1044_processed.npz,,
0.738146931,32.15065246,6.03191617,0.019013824,0.686335477,0.294650699,0.005,P20240918-1437,/home/smatsubara/documents/airlift/data/experiments/processed/solid_liquid/P20240918-1437_processed.npz,,
0.703116229,31.31414581,6.122797507,0.016980041,0.707246445,0.275773513,0.005,P20240918-1449,/home/smatsubara/documents/airlift/data/experiments/processed/solid_liquid/P20240918-1449_processed.npz,,
0.505442983,32.42994664,6.160185,0.010073368,0.741795002,0.24813163,0.005,P20240918-1554,/home/smatsubara/documents/airlift/data/experiments/processed/solid_liquid/P20240918-1554_processed.npz,,
0.514200658,32.58588088,5.950174941,0.018925102,0.778161903,0.202912995,0.005,P20240918-1604,/home/smatsubara/documents/airlift/data/experiments/processed/solid_liquid/P20240918-1604_processed.npz,,
0.809459431,34.66406665,5.188619997,0.022207819,0.797254526,0.180537655,0.005,P20240918-1411,/home/smatsubara/documents/airlift/data/experiments/processed/solid_liquid/P20240918-1411_processed.npz,,
0.743151317,34.53898893,5.74048835,0.023920838,0.795436181,0.180642981,0.005,P20240918-1426,/home/smatsubara/documents/airlift/data/experiments/processed/solid_liquid/P20240918-1426_processed.npz,,
0.512949562,48.5775394,5.840845549,0.004354207,0.901809367,0.093836427,0.005,P20240919-1527,/home/smatsubara/documents/airlift/data/experiments/processed/solid_liquid/P20240919-1527_processed.npz,,
0.504191887,49.91543428,6.057169336,0.016147419,0.782707765,0.201144816,0.005,P20240919-1538,/home/smatsubara/documents/airlift/data/experiments/processed/solid_liquid/P20240919-1538_processed.npz,,
0.514200658,50.88820673,6.010074508,0.016072346,0.756341762,0.227585892,0.005,P20240919-1601,/home/smatsubara/documents/airlift/data/experiments/processed/solid_liquid/P20240919-1601_processed.npz,,
0.0,5.168006263,4.478913753,0.0,0.513682479,0.486317521,-,P20240919-1341,/home/smatsubara/documents/airlift/data/experiments/processed/solid_liquid/P20240919-1341_processed.npz,,
0.0,5.155976559,4.475394448,0.0,0.511864134,0.488135866,-,P20240919-1347,/home/smatsubara/documents/airlift/data/experiments/processed/solid_liquid/P20240919-1347_processed.npz,,
0.0,5.203087011,4.49269918,0.0,0.425492744,0.574507256,-,P20240919-1352,/home/smatsubara/documents/airlift/data/experiments/processed/solid_liquid/P20240919-1352_processed.npz,,
0.0,4.93997503,4.528260174,0.0,0.430947779,0.569052221,-,P20240919-1359,/home/smatsubara/documents/airlift/data/experiments/processed/solid_liquid/P20240919-1359_processed.npz,,
0.0,5.034105823,4.505616346,0.0,0.403672603,0.596327397,-,P20240919-1416,/home/smatsubara/documents/airlift/data/experiments/processed/solid_liquid/P20240919-1416_processed.npz,,
0.476667764,50.05628698,6.160614937,0.011950182,0.78088942,0.207160398,0.005,P20240919-1550,/home/smatsubara/documents/airlift/data/experiments/processed/solid_liquid/P20240919-1550_processed.npz,,
0.743151317,17.2642192,6.210315961,0.052352852,0.651786921,0.295860227,0.005,P20240920-1542,/home/smatsubara/documents/airlift/data/experiments/processed/solid_liquid/P20240920-1542_processed.npz,,
0.912049343,17.44704935,5.900210473,0.061702794,0.609055812,0.329241394,0.005,P20240920-1346,/home/smatsubara/documents/airlift/data/experiments/processed/solid_liquid/P20240920-1346_processed.npz,,
0.840736843,17.05159512,6.072541636,0.035673101,0.607237467,0.357089432,0.005,P20240920-1358,/home/smatsubara/documents/airlift/data/experiments/processed/solid_liquid/P20240920-1358_processed.npz,,
0.739398027,16.99786556,6.417356885,0.04267532,0.54723208,0.410092599,0.005,P20240920-1439,/home/smatsubara/documents/airlift/data/experiments/processed/solid_liquid/P20240920-1439_processed.npz,,
0.76692215,17.17624119,6.213394052,0.048264811,0.582689809,0.36904538,0.005,P20240920-1449,/home/smatsubara/documents/airlift/data/experiments/processed/solid_liquid/P20240920-1449_processed.npz,,
0.778182018,17.48828327,5.990846145,0.043910605,0.568143048,0.387946347,0.005,P20240920-1531,/home/smatsubara/documents/airlift/data/experiments/processed/solid_liquid/P20240920-1531_processed.npz,,
0.359064693,63.01508378,4.712111305,0.008906332,0.812710459,0.178383209,0.005,P20240920-1600,/home/smatsubara/documents/airlift/data/experiments/processed/solid_liquid/P20240920-1600_processed.npz,,
0.306518641,61.13657208,4.620612396,0.008653815,0.83816729,0.153178895,0.005,P20240925-1113,/home/smatsubara/documents/airlift/data/experiments/processed/solid_liquid/P20240925-1113_processed.npz,,
0.342800439,60.71381401,4.542232231,0.01077632,0.865442466,0.123781214,0.005,P20240925-1124,/home/smatsubara/documents/airlift/data/experiments/processed/solid_liquid/P20240925-1124_processed.npz,,
0.404104167,62.29614671,4.416842323,0.009472788,0.857259913,0.133267299,0.005,P20240925-1052,/home/smatsubara/documents/airlift/data/experiments/processed/solid_liquid/P20240925-1052_processed.npz,,
0.372826755,61.58296411,4.467032518,0.004681796,0.803618734,0.191699471,0.005,P20240925-1104,/home/smatsubara/documents/airlift/data/experiments/processed/solid_liquid/P20240925-1104_processed.npz,,
0.706869518,49.58983894,5.596130623,0.015103228,0.783616938,0.201279834,0.005,P20240926-1600,/home/smatsubara/documents/airlift/data/experiments/processed/solid_liquid/P20240926-1600_processed.npz,,
0.669336624,60.44491378,3.97819747,0.007466304,0.9172653,0.075268396,0.005,P20240926-1106,/home/smatsubara/documents/airlift/data/experiments/processed/solid_liquid/P20240926-1106_processed.npz,,
0.564244518,59.97155509,4.461027192,0.006203721,0.798163698,0.195632581,0.005,P20240926-1332,/home/smatsubara/documents/airlift/data/experiments/processed/solid_liquid/P20240926-1332_processed.npz,,
0.554235746,60.01549655,4.489223204,0.015860778,0.859078258,0.125060964,0.005,P20240926-1349,/home/smatsubara/documents/airlift/data/experiments/processed/solid_liquid/P20240926-1349_processed.npz,,
0.703116229,51.55701096,5.445426716,0.014980382,0.810892114,0.174127504,0.005,P20240926-1419,/home/smatsubara/documents/airlift/data/experiments/processed/solid_liquid/P20240926-1419_processed.npz,,
0.718129387,50.65848365,5.533337225,0.016304388,0.811801286,0.171894325,0.005,P20240926-1432,/home/smatsubara/documents/airlift/data/experiments/processed/solid_liquid/P20240926-1432_processed.npz,,
0.725635966,49.59480873,5.492722539,0.017389528,0.855441568,0.127168905,0.005,P20240926-1546,/home/smatsubara/documents/airlift/data/experiments/processed/solid_liquid/P20240926-1546_processed.npz,,
0.708120615,49.29986823,5.66506584,0.016372636,0.707246445,0.276380918,0.005,P20240926-1614,/home/smatsubara/documents/airlift/data/experiments/processed/solid_liquid/P20240926-1614_processed.npz,,
0.347804825,28.96609007,3.272470358,0.008053235,0.807255424,0.184691341,0.0025,P20241002-1425,/home/smatsubara/documents/airlift/data/experiments/processed/solid_liquid/P20241002-1425_processed.npz,,
0.380333334,29.04036509,2.827382236,0.024992327,0.825438874,0.149568798,0.0025,P20241002-1414,/home/smatsubara/documents/airlift/data/experiments/processed/solid_liquid/P20241002-1414_processed.npz,,
0.232703948,15.60774304,2.946413069,0.018959226,0.729066586,0.251974188,0.0025,P20241002-1612,/home/smatsubara/documents/airlift/data/experiments/processed/solid_liquid/P20241002-1612_processed.npz,,
0.223946272,15.58460503,3.046750939,0.021764209,0.678152924,0.300082867,0.0025,P20241002-1620,/home/smatsubara/documents/airlift/data/experiments/processed/solid_liquid/P20241002-1620_processed.npz,,
0.247717106,15.20163009,2.949518457,0.009691181,0.696336375,0.293972444,0.0025,P20241002-1602,/home/smatsubara/documents/airlift/data/experiments/processed/solid_liquid/P20241002-1602_processed.npz,,
0.372826755,15.27621809,3.031034993,0.021771033,0.707246445,0.270982521,0.0025,P20241002-1547,/home/smatsubara/documents/airlift/data/experiments/processed/solid_liquid/P20241002-1547_processed.npz,,
0.382835527,14.7949743,3.096867925,0.015458116,0.725429896,0.259111988,0.0025,P20241002-1537,/home/smatsubara/documents/airlift/data/experiments/processed/solid_liquid/P20241002-1537_processed.npz,,
0.371575658,14.96409132,3.231654877,0.04011603,0.674516234,0.285367736,0.0025,P20241002-1529,/home/smatsubara/documents/airlift/data/experiments/processed/solid_liquid/P20241002-1529_processed.npz,,
0.370324562,29.7898469,3.021708543,0.020597172,0.836348945,0.143053883,0.0025,P20241002-1445,/home/smatsubara/documents/airlift/data/experiments/processed/solid_liquid/P20241002-1445_processed.npz,,
0.351558114,29.38338244,3.065655908,0.013014847,0.839076462,0.147908691,0.0025,P20241002-1434,/home/smatsubara/documents/airlift/data/experiments/processed/solid_liquid/P20241002-1434_processed.npz,,
0.102589912,14.80285686,3.122075982,0.014973557,0.731794104,0.253232339,0.0025,P20241003-1022,/home/smatsubara/documents/airlift/data/experiments/processed/solid_liquid/P20241003-1022_processed.npz,,
0.120105263,14.35643119,3.11267356,0.010394133,0.697245548,0.29236032,0.0025,P20241003-1031,/home/smatsubara/documents/airlift/data/experiments/processed/solid_liquid/P20241003-1031_processed.npz,,
0.111347588,14.87786565,3.02800929,0.006667806,0.739067484,0.25426471,0.0025,P20241003-1049,/home/smatsubara/documents/airlift/data/experiments/processed/solid_liquid/P20241003-1049_processed.npz,,
0.115100877,14.78622677,3.028024057,0.003542058,0.752705072,0.24375287,0.0025,P20241003-1058,/home/smatsubara/documents/airlift/data/experiments/processed/solid_liquid/P20241003-1058_processed.npz,,
0.183911184,15.56333574,4.194109527,0.018188026,0.685426305,0.296385669,0.0025,P20241003-1115,/home/smatsubara/documents/airlift/data/experiments/processed/solid_liquid/P20241003-1115_processed.npz,,
0.162642544,15.83014129,4.397920141,0.012571236,0.665424509,0.322004255,0.0025,P20241003-1329,/home/smatsubara/documents/airlift/data/experiments/processed/solid_liquid/P20241003-1329_processed.npz,,
0.165144737,15.5771821,4.45745533,0.01276233,0.657241956,0.329995714,0.0025,P20241003-1355,/home/smatsubara/documents/airlift/data/experiments/processed/solid_liquid/P20241003-1355_processed.npz,,
0.105092105,14.66695354,3.178483479,0.020610822,0.68724465,0.292144529,0.0025,P20241003-1013,/home/smatsubara/documents/airlift/data/experiments/processed/solid_liquid/P20241003-1013_processed.npz,,
0.12135636,14.91787628,3.009186846,0.011997955,0.712701481,0.275300564,0.0025,P20241003-1040,/home/smatsubara/documents/airlift/data/experiments/processed/solid_liquid/P20241003-1040_processed.npz,,
0.171400219,15.24164885,4.479408448,0.011376901,0.664515337,0.324107763,0.0025,P20241003-1413,/home/smatsubara/documents/airlift/data/experiments/processed/solid_liquid/P20241003-1413_processed.npz,,
0.176404605,15.40618786,4.554657795,0.009465963,0.665424509,0.325109528,0.0025,P20241003-1404,/home/smatsubara/documents/airlift/data/experiments/processed/solid_liquid/P20241003-1404_processed.npz,,
0.786939694,0.0,5.962015175,0.127043194,0.0,0.872956806,0.0025,P20241004-1621,/home/smatsubara/documents/airlift/data/experiments/processed/solid_liquid/P20241004-1621_processed.npz,0.1357726901769638,0.00015855279343668371
0.843239036,0.0,5.921408295,0.126190097,0.0,0.873809903,0.0025,P20241007-1054,/home/smatsubara/documents/airlift/data/experiments/processed/solid_liquid/P20241007-1054_processed.npz,0.139461487531662,0.00009190756099997088
0.598024123,0.0,4.47645744,0.102187362,0.0,0.897812638,0.0025,P20241007-1616,/home/smatsubara/documents/airlift/data/experiments/processed/solid_liquid/P20241007-1616_processed.npz,0.13661982119083405,0.00012135537690483034
0.609283992,0.0,4.466935418,0.093792888,0.0,0.906207112,0.0025,P20241007-1607,/home/smatsubara/documents/airlift/data/experiments/processed/solid_liquid/P20241007-1607_processed.npz,0.13868634402751923,0.00012110570241929963
0.613037281,0.0,4.388541567,0.135185151,0.0,0.864814849,0.0025,P20241007-1557,/home/smatsubara/documents/airlift/data/experiments/processed/solid_liquid/P20241007-1557_processed.npz,0.14035668969154358,0.00007728987111477181
0.686851974,0.0,4.159744303,0.224910473,0.0,0.775089527,0.0025,P20241007-1547,/home/smatsubara/documents/airlift/data/experiments/processed/solid_liquid/P20241007-1547_processed.npz,0.14011377096176147,0.0000468394355266355
0.511698465,0.0,4.579796995,0.11028837,0.0,0.88971163,0.0025,P20241007-1536,/home/smatsubara/documents/airlift/data/experiments/processed/solid_liquid/P20241007-1536_processed.npz,0.13686060905456543,0.0001818543823901564
0.688103071,0.0,4.068770257,0.12122166,0.0,0.87877834,0.0025,P20241007-1526,/home/smatsubara/documents/airlift/data/experiments/processed/solid_liquid/P20241007-1526_processed.npz,0.1409836709499359,0.00005293055437505245
0.467910088,0.0,6.075108366,0.072028679,0.0,0.927971321,0.0025,P20241007-1448,/home/smatsubara/documents/airlift/data/experiments/processed/solid_liquid/P20241007-1448_processed.npz,0.12576137483119965,0.00048493334907107055
0.754411185,0.0,6.153499765,0.103422646,0.0,0.896577354,0.0025,P20241007-1043,/home/smatsubara/documents/airlift/data/experiments/processed/solid_liquid/P20241007-1043_processed.npz,0.13848398625850677,0.00020121569104958326
0.487927632,0.0,6.030991577,0.067544802,0.0,0.932455198,0.0025,P20241007-1429,/home/smatsubara/documents/airlift/data/experiments/processed/solid_liquid/P20241007-1429_processed.npz,0.12584932148456573,0.00044369063107296824
0.800701755,0.0,6.062579485,0.112301679,0.0,0.887698321,0.0025,P20241007-959,/home/smatsubara/documents/airlift/data/experiments/processed/solid_liquid/P20241007-959_processed.npz,,
0.783186404,0.0,5.981061489,0.140085339,0.0,0.859914661,0.0025,P20241007-1013,/home/smatsubara/documents/airlift/data/experiments/processed/solid_liquid/P20241007-1013_processed.npz,0.1397417038679123,0.00014575428212992847
0.693107457,0.0,5.567262427,0.09070809,0.0,0.90929191,0.0025,P20241007-1112,/home/smatsubara/documents/airlift/data/experiments/processed/solid_liquid/P20241007-1112_processed.npz,0.13634884357452393,0.00010873794963117689
0.464156799,0.0,6.100098134,0.064466828,0.0,0.935533172,0.0025,P20241007-1439,/home/smatsubara/documents/airlift/data/experiments/processed/solid_liquid/P20241007-1439_processed.npz,0.12589165568351746,0.0004937932244502008
0.451645834,0.0,6.165980218,0.052871535,0.0,0.947128465,0.0025,P20241007-1401,/home/smatsubara/documents/airlift/data/experiments/processed/solid_liquid/P20241007-1401_processed.npz,0.12238019704818726,0.0005884483689442277
0.536720395,0.0,5.88679007,0.08493433,0.0,0.91506567,0.0025,P20241007-1419,/home/smatsubara/documents/airlift/data/experiments/processed/solid_liquid/P20241007-1419_processed.npz,0.13084881007671356,0.0003886696358677
0.500438597,0.0,6.159723815,0.072595136,0.0,0.927404864,0.0025,P20241007-1123,/home/smatsubara/documents/airlift/data/experiments/processed/solid_liquid/P20241007-1123_processed.npz,0.12522196769714355,0.0003718696243595332
0.596773027,0.0,4.386622657,0.149687798,0.0,0.850312202,0.0025,P20241008-1026,/home/smatsubara/documents/airlift/data/experiments/processed/solid_liquid/P20241008-1026_processed.npz,0.14389345049858093,0.00010527754784561694
0.596773027,0.0,4.489968581,0.103170129,0.0,0.896829871,0.0025,P20241008-1037,/home/smatsubara/documents/airlift/data/experiments/processed/solid_liquid/P20241008-1037_processed.npz,0.14380764961242676,0.00010491914872545749
0.581759869,0.0,4.499329754,0.106712188,0.0,0.893287812,0.0025,P20241008-1047,/home/smatsubara/documents/airlift/data/experiments/processed/solid_liquid/P20241008-1047_processed.npz,0.14284376800060272,0.0001084615068975836
0.366571272,0.0,4.626894884,0.089288536,0.0,0.910711464,0.0025,P20241010-1437,/home/smatsubara/documents/airlift/data/experiments/processed/solid_liquid/P20241010-1437_processed.npz,0.12172166258096695,0.0006443119491450489
0.375328948,0.0,4.467008578,0.087002237,0.0,0.912997763,0.0025,P20241010-1446,/home/smatsubara/documents/airlift/data/experiments/processed/solid_liquid/P20241010-1446_processed.npz,0.12879958748817444,0.0004346154455561191
0.354060307,0.0,4.639410394,0.063832124,0.0,0.936167876,0.0025,P20241010-1415,/home/smatsubara/documents/airlift/data/experiments/processed/solid_liquid/P20241010-1415_processed.npz,0.1271313577890396,0.0005254507996141911
0.467910088,0.0,4.2725867,0.106097958,0.0,0.893902042,0.0025,P20241010-1356,/home/smatsubara/documents/airlift/data/experiments/processed/solid_liquid/P20241010-1356_processed.npz,0.13855336606502533,0.00022748213086742908
0.365320176,0.0,4.561054924,0.101859773,0.0,0.898140227,0.0025,P20241010-1427,/home/smatsubara/documents/airlift/data/experiments/processed/solid_liquid/P20241010-1427_processed.npz,0.127834290266037,0.000450947874924168
0.247717106,0.0,2.961860182,0.068240929,0.0,0.931759071,0.0025,P20241011-1606,/home/smatsubara/documents/airlift/data/experiments/processed/solid_liquid/P20241011-1606_processed.npz,0.13075532019138336,0.00048324509407393634
0.245214913,0.0,2.952415157,0.062119106,0.0,0.937880894,0.0025,P20241011-1556,/home/smatsubara/documents/airlift/data/experiments/processed/solid_liquid/P20241011-1556_processed.npz,0.13556934893131256,0.00032497980282641947
0.245214913,0.0,2.996366786,0.07944721,0.0,0.92055279,0.0025,P20241011-1546,/home/smatsubara/documents/airlift/data/experiments/processed/solid_liquid/P20241011-1546_processed.npz,0.1284302920103073,0.0005865744897164404
0.237708334,0.0,3.01198163,0.076335113,0.0,0.923664887,0.0025,P20241011-1534,/home/smatsubara/documents/airlift/data/experiments/processed/solid_liquid/P20241011-1534_processed.npz,0.12557658553123474,0.0006575902225449681
0.240210527,0.0,6.152548979,0.030813861,0.0,0.969186139,0.0025,P20241011-1517,/home/smatsubara/documents/airlift/data/experiments/processed/solid_liquid/P20241011-1517_processed.npz,0.08769065886735916,0.0010744720930233598
0.251470395,0.0,6.262252479,0.038109546,0.0,0.961890454,0.0025,P20241011-1132,/home/smatsubara/documents/airlift/data/experiments/processed/solid_liquid/P20241011-1132_processed.npz,0.0941215455532074,0.0010516949696466327
0.23895943,0.0,6.05853481,0.046067234,0.0,0.953932766,0.0025,P20241011-1123,/home/smatsubara/documents/airlift/data/experiments/processed/solid_liquid/P20241011-1123_processed.npz,0.09418683499097824,0.001064437092281878
0.250219299,0.0,5.901732938,0.047514086,0.0,0.952485914,0.0025,P20241011-1106,/home/smatsubara/documents/airlift/data/experiments/processed/solid_liquid/P20241011-1106_processed.npz,0.09790753573179245,0.000983773497864604
0.361566886,0.0,3.033928954,0.092550779,0.0,0.907449221,0.0025,P20241011-1057,/home/smatsubara/documents/airlift/data/experiments/processed/solid_liquid/P20241011-1057_processed.npz,0.13991282880306244,0.00016155293269548565
0.253972588,0.0,5.980129215,0.054502656,0.0,0.945497344,0.0025,P20241011-1115,/home/smatsubara/documents/airlift/data/experiments/processed/solid_liquid/P20241011-1115_processed.npz,0.0976191908121109,0.0009334459318779409
0.330289474,0.0,4.585243916,0.050906,0.0,0.949094,0.0025,P20241011-955,/home/smatsubara/documents/airlift/data/experiments/processed/solid_liquid/P20241011-955_processed.npz,,
0.375328948,0.0,4.469375904,0.053444816,0.0,0.946555184,0.0025,P20241011-1005,/home/smatsubara/documents/airlift/data/experiments/processed/solid_liquid/P20241011-1005_processed.npz,0.13451562821865082,0.00033057015389204025
0.364069079,0.0,3.005744494,0.088360367,0.0,0.911639633,0.0025,P20241011-1023,/home/smatsubara/documents/airlift/data/experiments/processed/solid_liquid/P20241011-1023_processed.npz,0.14299555122852325,0.00011763544171117246
0.332791667,0.0,3.124778045,0.084845608,0.0,0.915154392,0.0025,P20241011-1031,/home/smatsubara/documents/airlift/data/experiments/processed/solid_liquid/P20241011-1031_processed.npz,0.14342869818210602,0.00009650165884522721
0.370324562,0.0,2.993188915,0.101791525,0.0,0.898208475,0.0025,P20241011-1040,/home/smatsubara/documents/airlift/data/experiments/processed/solid_liquid/P20241011-1040_processed.npz,0.14361776411533356,0.0001162994303740561
0.357813597,0.0,3.033909792,0.135683359,0.0,0.864316641,0.0025,P20241011-1048,/home/smatsubara/documents/airlift/data/experiments/processed/solid_liquid/P20241011-1048_processed.npz,0.1420324444770813,0.00011500702385092154
0.351558114,0.0,3.01194861,0.086872566,0.0,0.913127434,0.0025,P20241011-1015,/home/smatsubara/documents/airlift/data/experiments/processed/solid_liquid/P20241011-1015_processed.npz,0.142698273062706,0.00009340472024632618
0.107594298,0.0,3.030509714,0.030356601,0.0,0.969643399,0.0025,P20241015-1341,/home/smatsubara/documents/airlift/data/experiments/processed/solid_liquid/P20241015-1341_processed.npz,0.08907494693994522,0.0011967273894697428
0.113849781,0.0,3.014939959,0.036730941,0.0,0.963269059,0.0025,P20241015-1332,/home/smatsubara/documents/airlift/data/experiments/processed/solid_liquid/P20241015-1332_processed.npz,0.0945303738117218,0.0011270890245214105
0.107594298,0.0,3.109026095,0.047357116,0.0,0.952642884,0.0025,P20241015-1324,/home/smatsubara/documents/airlift/data/experiments/processed/solid_liquid/P20241015-1324_processed.npz,0.09484168142080307,0.001095643499866128
0.108845395,0.0,3.105736394,0.024064158,0.0,0.975935842,0.0025,P20241015-1123,/home/smatsubara/documents/airlift/data/experiments/processed/solid_liquid/P20241015-1123_processed.npz,0.09291193634271622,0.001247297739610076
0.125109649,0.0,3.030533479,0.05166355,0.0,0.94833645,0.0025,P20241015-1115,/home/smatsubara/documents/airlift/data/experiments/processed/solid_liquid/P20241015-1115_processed.npz,0.09238309413194656,0.0012338744709268212
0.148880483,0.0,2.898865301,0.040327598,0.0,0.959672402,0.0025,P20241015-1055,/home/smatsubara/documents/airlift/data/experiments/processed/solid_liquid/P20241015-1055_processed.npz,0.10615406185388565,0.0010488885454833508
0.19266886,0.0,4.506708292,0.042293133,0.0,0.957706867,0.0025,P20241015-1046,/home/smatsubara/documents/airlift/data/experiments/processed/solid_liquid/P20241015-1046_processed.npz,0.09960391372442245,0.0010383668122813106
0.185162281,0.0,4.531636313,0.037918452,0.0,0.962081548,0.0025,P20241015-1037,/home/smatsubara/documents/airlift/data/experiments/processed/solid_liquid/P20241015-1037_processed.npz,0.09621793776750565,0.001059137750416994
0.180157895,0.0,4.516031063,0.048708422,0.0,0.951291578,0.0025,P20241015-1021,/home/smatsubara/documents/airlift/data/experiments/processed/solid_liquid/P20241015-1021_processed.npz,0.093266062438488,0.0010573932668194175
0.195171053,0.0,4.478292516,0.048251162,0.0,0.951748838,0.0025,P20241015-1013,/home/smatsubara/documents/airlift/data/experiments/processed/solid_liquid/P20241015-1013_processed.npz,0.0983893871307373,0.001005467725917697
0.190166667,0.0,4.453225385,0.049152032,0.0,0.950847968,0.0025,P20241015-1000,/home/smatsubara/documents/airlift/data/experiments/processed/solid_liquid/P20241015-1000_processed.npz,0.09422075748443604,0.0009857473196461797
0.137620614,0.0,3.024249391,0.03707218,0.0,0.96292782,0.0025,P20241015-1104,/home/smatsubara/documents/airlift/data/experiments/processed/solid_liquid/P20241015-1104_processed.npz,0.09905622899532318,0.001174089964479208
0.18891557,0.0,4.49722465,0.030342951,0.0,0.969657049,0.0025,P20241015-1029,/home/smatsubara/documents/airlift/data/experiments/processed/solid_liquid/P20241015-1029_processed.npz,0.09732501953840256,0.0010941438376903534
0.105092105,0.0,3.033789535,0.058317706,0.0,0.941682294,0.0025,P20241015-1349,/home/smatsubara/documents/airlift/data/experiments/processed/solid_liquid/P20241015-1349_processed.npz,0.08670703321695328,0.001123748836107552
0.107594298,0.0,2.999229148,0.042429629,0.0,0.957570371,0.0025,P20241015-1358,/home/smatsubara/documents/airlift/data/experiments/processed/solid_liquid/P20241015-1358_processed.npz,0.09309685975313187,0.0011069717584177852
0.673118455,0.0,6.120747326,0.118947012,0.0,0.881052988,stone,P20241016-1041,/home/smatsubara/documents/airlift/data/experiments/processed/solid_liquid/P20241016-1041_processed.npz,0.13580110669136047,0.0004073838936164975
0.365101353,0.0,4.519270036,0.064569382,0.0,0.935430618,stone,P20241016-1616,/home/smatsubara/documents/airlift/data/experiments/processed/solid_liquid/P20241016-1616_processed.npz,0.12159264087677002,0.0008370128343813121
0.357965822,0.0,4.538045892,0.06452397,0.0,0.93547603,stone,P20241016-1608,/home/smatsubara/documents/airlift/data/experiments/processed/solid_liquid/P20241016-1608_processed.npz,0.1218399852514267,0.0008332117577083409
0.367479863,0.0,4.516205652,0.066236651,0.0,0.933763349,stone,P20241016-1559,/home/smatsubara/documents/airlift/data/experiments/processed/solid_liquid/P20241016-1559_processed.npz,0.12254872173070908,0.0007612805347889662
0.379372416,0.0,4.56313453,0.077622089,0.0,0.922377911,stone,P20241016-1549,/home/smatsubara/documents/airlift/data/experiments/processed/solid_liquid/P20241016-1549_processed.npz,0.11885661631822586,0.0008828169084154069
0.449538474,0.0,4.400153061,0.073444184,0.0,0.926555816,stone,P20241016-1539,/home/smatsubara/documents/airlift/data/experiments/processed/solid_liquid/P20241016-1539_processed.npz,0.1291276216506958,0.000484033691463992
0.560139209,0.0,4.503549688,0.10651061,0.0,0.89348939,stone,P20241016-1528,/home/smatsubara/documents/airlift/data/experiments/processed/solid_liquid/P20241016-1528_processed.npz,0.13255032896995544,0.00026564186555333436
0.542300381,0.0,4.534890884,0.101113069,0.0,0.898886931,stone,P20241016-1450,/home/smatsubara/documents/airlift/data/experiments/processed/solid_liquid/P20241016-1450_processed.npz,0.13434962928295135,0.000355838070390746
0.60366595,0.0,5.817991776,0.060741798,0.0,0.939258202,stone,P20241016-1030,/home/smatsubara/documents/airlift/data/experiments/processed/solid_liquid/P20241016-1030_processed.npz,0.1327597051858902,0.0005146889016032219
0.560139209,0.0,4.456532966,0.118784826,0.0,0.881215174,stone,P20241016-1429,/home/smatsubara/documents/airlift/data/experiments/processed/solid_liquid/P20241016-1429_processed.npz,0.13355661928653717,0.0003464137262199074
0.545868147,0.0,4.660162377,0.09581284,0.0,0.90418716,stone,P20241016-1419,/home/smatsubara/documents/airlift/data/experiments/processed/solid_liquid/P20241016-1419_processed.npz,0.1341559737920761,0.00039620816824026406
0.787286956,0.0,6.114538202,0.086444992,0.0,0.913555008,stone,P20241016-1358,/home/smatsubara/documents/airlift/data/experiments/processed/solid_liquid/P20241016-1358_processed.npz,0.13725382089614868,0.00022315268870443106
0.780151425,0.0,6.11769659,0.079652654,0.0,0.920347346,stone,P20241016-1344,/home/smatsubara/documents/airlift/data/experiments/processed/solid_liquid/P20241016-1344_processed.npz,0.13652899861335754,0.0003484190674498677
0.784908446,0.0,6.061294314,0.100775723,0.0,0.899224277,stone,P20241016-1334,/home/smatsubara/documents/airlift/data/experiments/processed/solid_liquid/P20241016-1334_processed.npz,0.1367945522069931,0.0002500892151147127
0.782529936,0.0,6.192812253,0.111797865,0.0,0.888202135,stone,P20241016-1117,/home/smatsubara/documents/airlift/data/experiments/processed/solid_liquid/P20241016-1117_processed.npz,0.13784633576869965,0.00032267338247038424
0.555382188,0.0,4.443932471,0.105576421,0.0,0.894423579,stone,P20241016-1438,/home/smatsubara/documents/airlift/data/experiments/processed/solid_liquid/P20241016-1438_processed.npz,0.1362961232662201,0.0002595165278762579
0.769448128,0.0,5.810439401,0.115398388,0.0,0.884601612,stone,P20241016-1057,/home/smatsubara/documents/airlift/data/experiments/processed/solid_liquid/P20241016-1057_processed.npz,0.13858972489833832,0.0002490708138793707
0.486405385,0.0,6.240060895,0.059470262,0.0,0.940529738,stone,P20241017-1619,/home/smatsubara/documents/airlift/data/experiments/processed/solid_liquid/P20241017-1619_processed.npz,0.11947720497846603,0.0009890730725601315
0.453106239,0.0,6.434260223,0.077388541,0.0,0.922611459,stone,P20241017-1609,/home/smatsubara/documents/airlift/data/experiments/processed/solid_liquid/P20241017-1609_processed.npz,0.1144074872136116,0.001167364651337266
0.24379732,0.0,6.12091587,0.031126685,0.0,0.968873315,stone,P20241017-1600,/home/smatsubara/documents/airlift/data/experiments/processed/solid_liquid/P20241017-1600_processed.npz,0.0921141505241394,0.0015398000832647085
0.233094023,0.0,6.067774779,0.031107222,0.0,0.968892778,stone,P20241017-1543,/home/smatsubara/documents/airlift/data/experiments/processed/solid_liquid/P20241017-1543_processed.npz,0.08750659227371216,0.0014854440232738853
0.237851044,0.0,6.136621029,0.02997841,0.0,0.97002159,stone,P20241017-1535,/home/smatsubara/documents/airlift/data/experiments/processed/solid_liquid/P20241017-1535_processed.npz,0.0874018520116806,0.001490327762439847
0.237851044,0.0,6.180584334,0.030919087,0.0,0.969080913,stone,P20241017-1526,/home/smatsubara/documents/airlift/data/experiments/processed/solid_liquid/P20241017-1526_processed.npz,0.09243298321962357,0.0014276778092607856
0.237851044,0.0,3.005559856,0.062220932,0.0,0.937779068,stone,P20241017-1357,/home/smatsubara/documents/airlift/data/experiments/processed/solid_liquid/P20241017-1357_processed.npz,0.126615971326828,0.0008312204736284912
0.237851044,0.0,6.061294314,0.036731823,0.0,0.963268177,stone,P20241017-1552,/home/smatsubara/documents/airlift/data/experiments/processed/solid_liquid/P20241017-1552_processed.npz,0.08850821107625961,0.0015009064227342606
0.229526258,0.0,2.983618759,0.062824263,0.0,0.937175737,stone,P20241017-1330,/home/smatsubara/documents/airlift/data/experiments/processed/solid_liquid/P20241017-1330_processed.npz,0.1259680837392807,0.0008186971535906196
0.234283279,0.0,2.999305345,0.053248818,0.0,0.946751182,stone,P20241017-1340,/home/smatsubara/documents/airlift/data/experiments/processed/solid_liquid/P20241017-1340_processed.npz,0.12592381238937378,0.0008614976541139185
0.344884014,0.0,4.585128585,0.074838982,0.0,0.925161018,stone,P20241017-951,/home/smatsubara/documents/airlift/data/experiments/processed/solid_liquid/P20241017-951_processed.npz,,
0.360344332,0.0,4.550601566,0.052496276,0.0,0.947503724,stone,P20241017-1003,/home/smatsubara/documents/airlift/data/experiments/processed/solid_liquid/P20241017-1003_processed.npz,0.12061452120542526,0.0010066202376037836
0.354398056,0.0,4.585124495,0.058321987,0.0,0.941678013,stone,P20241017-1012,/home/smatsubara/documents/airlift/data/experiments/processed/solid_liquid/P20241017-1012_processed.npz,0.12331943213939667,0.0007813147967681289
0.237851044,0.0,2.964858981,0.0720429,0.0,0.9279571,stone,P20241017-1349,/home/smatsubara/documents/airlift/data/experiments/processed/solid_liquid/P20241017-1349_processed.npz,0.12872719764709473,0.0007041165954433382
0.342505504,0.0,3.080855629,0.086827751,0.0,0.913172249,stone,P20241017-1039,/home/smatsubara/documents/airlift/data/experiments/processed/solid_liquid/P20241017-1039_processed.npz,0.13625331223011017,0.0004350303206592798
0.347262525,0.0,3.052556246,0.082468198,0.0,0.917531802,stone,P20241017-1047,/home/smatsubara/documents/airlift/data/experiments/processed/solid_liquid/P20241017-1047_processed.npz,0.13567043840885162,0.0004554706974886358
0.354398056,0.0,3.04945239,0.09081752,0.0,0.90918248,stone,P20241017-1057,/home/smatsubara/documents/airlift/data/experiments/processed/solid_liquid/P20241017-1057_processed.npz,,
0.233094023,0.0,3.011911817,0.058393349,0.0,0.941606651,stone,P20241017-1108,/home/smatsubara/documents/airlift/data/experiments/processed/solid_liquid/P20241017-1108_processed.npz,0.12341023981571198,0.0009242654195986688
0.342505504,0.0,3.10274457,0.091803609,0.0,0.908196391,stone,P20241017-1030,/home/smatsubara/documents/airlift/data/experiments/processed/solid_liquid/P20241017-1030_processed.npz,0.1337961107492447,0.00043878311407752335
0.110600736,0.0,3.062106773,0.030354681,0.0,0.969645319,stone,P20241018-1619,/home/smatsubara/documents/airlift/data/experiments/processed/solid_liquid/P20241018-1619_processed.npz,,
0.127250309,0.0,3.049531413,0.027299102,0.0,0.972700898,stone,P20241018-1612,/home/smatsubara/documents/airlift/data/experiments/processed/solid_liquid/P20241018-1612_processed.npz,0.09550303220748901,0.0015759511152282357
0.148656903,0.0,2.908462037,0.060112518,0.0,0.939887482,stone,P20241018-1603,/home/smatsubara/documents/airlift/data/experiments/processed/solid_liquid/P20241018-1603_processed.npz,0.1043386459350586,0.0015530005330219865
0.171252752,0.0,4.52254606,0.02717584,0.0,0.97282416,stone,P20241018-1554,/home/smatsubara/documents/airlift/data/experiments/processed/solid_liquid/P20241018-1554_processed.npz,0.08965568989515305,0.0016557760536670685
0.168874241,0.0,4.528765851,0.032780979,0.0,0.967219021,stone,P20241018-1546,/home/smatsubara/documents/airlift/data/experiments/processed/solid_liquid/P20241018-1546_processed.npz,0.0848659798502922,0.0016464984510093927
0.162927965,0.0,4.553852428,0.035635448,0.0,0.964364552,stone,P20241018-1538,/home/smatsubara/documents/airlift/data/experiments/processed/solid_liquid/P20241018-1538_processed.npz,,
0.173631262,0.0,4.503777869,0.04456215,0.0,0.95543785,stone,P20241018-1530,/home/smatsubara/documents/airlift/data/experiments/processed/solid_liquid/P20241018-1530_processed.npz,0.08873287588357925,0.0016560126096010208
0.180766794,0.0,4.494478462,0.031444569,0.0,0.968555431,stone,P20241018-1440,/home/smatsubara/documents/airlift/data/experiments/processed/solid_liquid/P20241018-1440_processed.npz,0.09294808655977249,0.0016514832386747003
0.178388283,0.0,4.484882486,0.023899689,0.0,0.976100311,stone,P20241018-1433,/home/smatsubara/documents/airlift/data/experiments/processed/solid_liquid/P20241018-1433_processed.npz,0.09175422042608261,0.0017364495433866978
0.193848601,0.0,4.547627504,0.029316692,0.0,0.970683308,stone,P20241018-1425,/home/smatsubara/documents/airlift/data/experiments/processed/solid_liquid/P20241018-1425_processed.npz,0.09432905167341232,0.0016642236150801182
0.491162406,0.0,6.058304382,0.081157738,0.0,0.918842262,stone,P20241018-1404,/home/smatsubara/documents/airlift/data/experiments/processed/solid_liquid/P20241018-1404_processed.npz,0.12166142463684082,0.001016597030684352
0.498297938,0.0,6.023862221,0.092802673,0.0,0.907197327,stone,P20241018-1353,/home/smatsubara/documents/airlift/data/experiments/processed/solid_liquid/P20241018-1353_processed.npz,0.12183430045843124,0.001053999993018806
0.475702088,0.0,6.052121383,0.095864739,0.0,0.904135261,stone,P20241018-1343,/home/smatsubara/documents/airlift/data/experiments/processed/solid_liquid/P20241018-1343_processed.npz,0.1218784973025322,0.0011073542991653085
0.489973151,0.0,6.105375315,0.085407004,0.0,0.914592996,stone,P20241018-1332,/home/smatsubara/documents/airlift/data/experiments/processed/solid_liquid/P20241018-1332_processed.npz,0.12403549253940582,0.0010426887311041355
0.172442007,0.0,4.538161147,0.044756773,0.0,0.955243227,stone,P20241018-1522,/home/smatsubara/documents/airlift/data/experiments/processed/solid_liquid/P20241018-1522_processed.npz,0.08815991133451462,0.0016080598579719663
0.498297938,0.0,6.070828014,0.062117133,0.0,0.937882867,stone,P20241018-1413,/home/smatsubara/documents/airlift/data/experiments/processed/solid_liquid/P20241018-1413_processed.npz,0.12162276357412338,0.001059620757587254
0.112979246,0.0,3.068043678,0.027305589,0.0,0.972694411,stone,P20241021-1016,/home/smatsubara/documents/airlift/data/experiments/processed/solid_liquid/P20241021-1016_processed.npz,0.10030973702669144,0.0010492453584447503
0.112979246,0.0,3.033529764,0.032690155,0.0,0.967309845,stone,P20241021-1000,/home/smatsubara/documents/airlift/data/experiments/processed/solid_liquid/P20241021-1000_processed.npz,0.10109969228506088,0.0011325161904096603
0.10941148,0.0,3.055532701,0.027532649,0.0,0.972467351,stone,P20241021-1008,/home/smatsubara/documents/airlift/data/experiments/processed/solid_liquid/P20241021-1008_processed.npz,0.10445943474769592,0.0011060856049880385
0.111789991,0.0,3.049174691,0.038652102,0.0,0.961347898,stone,P20241021-951,/home/smatsubara/documents/airlift/data/experiments/processed/solid_liquid/P20241021-951_processed.npz,,
